Word,Count
*,14093
the,4927
,2715
License,2000
@param,1243
under,1200
in,846
or,810
may,801
distributed,800
@return,637
a,604
The,531
is,470
to,465
of,461
type,458
with,449
for,440
by,440
not,439
and,438
this,428
on,420
file,418
exception,410
at,410
use,407
Version,402
an,402
you,402
See,401
You,401
Group,401
\BASIS,\,400
1999-2018,400
Licensed,400
either,400
agreed,400
language,400
obtain,400
\writing,\,400
(the,400
ANY,400
Holding,400
WITHOUT,400
\IS"\\,400
software,400
CONDITIONS,400
law,400
limitations,400
OR,400
Apache,400
governing,400
except,400
\KIND,\,400
implied,400
compliance,400
\License,\,400
2.0,400
\"\License"\);\,400
express,400
Alibaba,400
copy,400
Unless,400
permissions,400
OF,400
Ltd,400
required,400
http://www.apache.org/licenses/LICENSE-2.0,400
WARRANTIES,400
Copyright,400
applicable,400
specific,400
\"\AS\,400
@author,372
Gets,312
@throws,304
sql,289
transaction,230
id,213
Sets,197
branch,188
session,180
new,176
name,172
global,171
Instantiates,160
boolean,151
@date,146
test,144
Exception,130
keyword,124
Test,124
sharajava,123
jimin.jm,119
@alibaba-inc.com,119
message,118
xid,117
code,114
my,113
data,110
channel,108
bean,101
request,99
client,97
resource,93
timeout,93
service,91
status,91
],90
[,90
context,89
response,87
string,86
constant,85
get,85
msg,83
object,81
TransactionException,77
address,76
interface,75
proxy,74
2018,66
server,66
table,64
group,64
method,60
manager,60
Branch,59
application,58
lock,57
key,55
2019,54
Get,54
globalSession,53
target,52
cause,51
undo,50
rollback,49
commit,47
parameter,47
Global,46
instance,46
log,45
zhangsen,45
statement,43
recognizer,42
check,41
action,41
Abstract,40
executor,40
be,39
config,39
On,38
remoting,38
result,38
listener,37
from,37
handler,37
class,35
size,35
update,35
SQLException,32
Is,32
rpc,31
TCC,31
thread,30
branchSession,28
value,28
resourceId,27
meta,27
Do,26
source,26
index,26
provider,26
Transaction,26
all,26
version,26
operation,26
dataId,26
failed,26
store,25
business,25
2,25
ordinal,24
default,24
socket,24
My,24
registry,23
max,23
write,23
Resource,23
error,23
set,23
ctx,22
connection,22
Register,22
time,22
column,22
branchId,22
int,22
tx,21
Default,21
Lock,21
mode,21
applicationId,21
beanName,20
after,20
1,20
factory,20
rm,20
args,20
sessions,20
if,20
back,20
<T>,20
<S>,19
buf,19
that,19
branchType,19
mills,19
desc,19
long,19
will,19
field,19
load,19
guoyao,19
extra,18
role,18
enum,18
port,18
map,18
conn,18
t,18
local,17
applicationData,17
Add,17
original,17
keys,17
sender,17
Init,17
prefix,17
out,17
no,17
content,17
begin,17
|,17
insert,17
framework,16
transactionServiceGroup,16
async,16
pool,16
list,16
Remove,16
rpcContext,15
tm,15
image,15
buffer,15
Sql,15
logic,14
app,14
found,14
Any,14
failure,14
callback,14
can,14
records,14
worker,14
init,14
blob,14
Rpc,14
Send,14
xingfudeshi@gmail.com,14
ip,14
register,14
Session,13
Execute,13
add,13
idle,13
wrapped,13
Update,13
change,13
balance,13
select,13
tcc,13
null,13
it,13
timeoutMills,12
try,12
protocol,12
rows,12
Select,12
Otis.z,12
seconds,12
holder,12
@since,12
delete,12
phase,12
checker,12
fails,12
To,12
threads,12
two,12
host,12
db,12
event,12
retry,12
core,12
e,12
thrown,12
has,12
one,12
Rollback,11
values,11
illegal,11
sqlUndoLog,11
loader,11
roll,11
num,11
Config,11
Data,11
report,11
parser,11
TimeoutException,11
cluster,11
mock,11
msgId,11
nested,11
pk,11
Application,11
Commit,11
2019/04/12,11
byte,11
before,11
/10/10,11
Framework,10
/9/12,10
Print,10
run,10
File,10
services,10
info,10
Client,10
TODO,10
arguments,10
Netty,10
Handle,10
clientId,10
committing,10
per,10
Business,10
IOException,10
bytes,10
Tcc,10
serverAddress,10
str,10
unit,10
Phase,10
parameters,9
Channel,9
s,9
alive,9
Find,9
actionContext,9
statementCallback,9
Insert,9
operate,9
reference,9
statementProxy,9
send,9
+,9
clear,9
current,9
auto,9
future,9
=,9
first,9
Begin,9
condition,9
throwable,9
->,8
Status,8
success,8
defaultValue,8
mark,8
handlers,8
unique,8
such,8
position,8
ID,8
retrying,8
{,8
scanner,8
able,8
parsing,8
Rm,8
Undo,8
Enhanced,8
ast,8
lockKeys,8
configuration,8
create,8
Not,8
undo_log,8
th,8
water,8
fields,8
Create,8
err,8
so,8
wait,8
runnable,8
3,8
tableName,7
txServiceGroup,7
bind,7
lockable,7
connect,7
auth,7
transactionMessageHandler,7
Store,7
alias,7
end,7
},7
..,7
param,7
Net,7
Name,7
should,7
start,7
inbound,7
return,7
/2/26,7
XID,7
input,7
clazz,7
Mock,7
lockKey,7
End,7
Server,7
Delete,7
annotation,7
identified,7
Xid,7
@author:,7
committed,7
selector,7
Throwable,7
Method,7
Type,7
just,7
support,7
sqlRecognizer,7
Failed,7
active,7
targetStatement,7
@gmail.com,7
/1/23,7
Put,7
final,7
5,6
restore,6
Manager,6
InterruptedException,6
FrameworkException,6
interceptor,6
only,6
PK,6
NoSuchMethodException,6
managed,6
retryable,6
body,6
netty,6
security,6
listen,6
remove,6
lifecycle,6
access,6
4,6
/10/9,6
as,6
done,6
restored,6
Load,6
IllegalAccessException,6
given,6
close,6
char,6
read,6
/02/12,6
Message,6
io,6
extension,6
Table,6
transport,6
invocation,6
Local,6
addresses,6
SessionHolder:,6
Null,6
Re-init,6
String,6
columns,6
GlobalTransaction,6
but,6
without,6
Value,6
encode,6
/9/14,6
successfully,6
extraData,6
interrupted,6
dispatch,6
prepare,6
Release,6
SQL,6
Finally:,6
decode,6
Statement,6
work,6
SecurityException,6
yet,5
autoincrement,5
received,5
task,5
Id,5
Handler,5
inet,5
whether,5
WHERE,5
created,5
/10/15,5
transactional,5
abstract,5
NOT,5
requires,5
never,5
Configuration,5
happen,5
cardinality,5
Byte,5
logs,5
tableMeta,5
argument,5
Close,5
based,5
Nacos,5
where,5
Execution,5
Wu,5
originalSQL,5
Timeout,5
utils,5
connectionProxy,5
over,5
col,5
branches,5
Decode,5
indextype,5
cache,5
rollbacking,5
vgroup,5
registered,5
tianming.xm,5
point,5
ids,5
sub,5
Drop,5
base,5
IllegalArgumentException,5
eureka,5
Should,5
0,5
rollbacked,5
loadBalance,5
Context,5
todo,5
Just,5
RM,5
All,5
query,5
remarks,5
dubbo,5
Primary,5
Merge,5
into,4
targetSQL,4
No,4
MySQL,4
Nested,4
/3/5,4
@163.com,4
radix,4
user,4
generated,4
low,4
defined,4
{@link,4
jimin.jm@alibaba-inc.com,4
executing,4
Unknown,4
Alter,4
sessionRequest,4
dataSourceProxy,4
sorted,4
invokers,4
cat,4
pending,4
Connection,4
remoteAddr,4
same,4
65535*5,4
loop,4
octet,4
Callback,4
more,4
8,4
leizhiyuan,4
heartbeat,4
@date:,4
Given,4
errorCode,4
Blob,4
Clean,4
EnhancedServiceNotFoundException,4
datetime,4
Base,4
sequence,4
methodName,4
entry,4
task3,4
stream,4
A,4
Build,4
catch,4
2019/3/6,4
obj,4
Hold,4
rcv,4
msg);,4
Change,4
msgs,4
BusinessActionContext,4
min,4
Target,4
state,4
we,4
Destroy,4
database,4
merge,4
def,4
snd,4
activate,4
remote,4
resv,4
sets,4
existing,4
src,4
which,4
digits,4
open,4
millis,4
Check,4
beforeImage,4
MILLISECONDS,4
notifier,4
/9/10,4
asc,4
Index,4
transactionId,4
any,4
there,4
/2/1,4
LocalTCC,4
InvocationTargetException,4
messageExecutor,4
Key,4
managers,4
channels,4
Participant,4
resourceGroupId,4
qualifier,4
enhanced,4
empty,4
addr,4
call,4
identify,4
Field,4
i,4
then,4
2019/4/17,4
errCode,4
high,4
xiajun.0706,4
oldest,4
6,4
attr,4
prec,4
FactoryBean,4
c,4
customer,4
declare,4
globalSessions,4
hanwen,4
primary,4
Acquire,4
filter,4
decimal,4
length,4
originalException,4
offset,4
types,3
/2/27,3
non,3
recycle,3
targetDataSource,3
unknown,3
cacheKey,3
text,3
true,3
flag,3
Err,3
selected,3
kl,3
other,3
Shutdown,3
Encode,3
invoke,3
2000,3
@Override,3
Bind,3
next,3
conflict,3
incompatible,3
data-source,3
/12/20,3
businessAction,3
flush,3
fail,3
Aspect,3
fetch,3
Retrying,3
Extracting,3
mocking,3
since,3
hook,3
Column,3
IncompatibleVersionException,3
requestMessage,3
inactive,3
false,3
typeCode,3
@kailing.pub,3
In,3
Remoting,3
root,3
This,3
applicationContext,3
prepared,3
runs,3
Creating,3
Show,3
Lay,3
pooled,3
@data,3
After,3
afterImage,3
RPC,3
ensure,3
build,3
UPDATE,3
reg,3
health,3
overflow,3
tc,3
hello,3
Record,3
Specify,3
Proxy,3
subscribe,3
rolled,3
allocator,3
checkAuthHandler,3
Before,3
listeners,3
For,3
If,3
INSERT,3
url,3
actionName,3
\LOGGER.info("\server:"\\,3
case,3
Write,3
Registry,3
Normal,3
Codec,3
logOperation,3
rui_849217@163.com,3
2019-01-25,3
enable,3
util,3
Keyword,3
normal,3
PHASE,3
clean,3
\,\,3
recoverable,3
parameterTypes,3
do,3
activity,3
Rollbacking,3
consul,3
Success,3
Merged,3
TableRecords,3
need,3
dbType,3
sofa:reference,3
errcode,3
FROM,3
Named,3
\Firstly,\,3
Action,3
Has,3
Reload,3
/3/2,3
Connect,3
Set,3
locks,3
path,3
Tm,3
2019/3/5,3
TC,3
transactionRole,3
recover,2
begins,2
history,2
uuid,2
statusCode,2
corresponding,2
array,2
\super.channelRead(ctx,\,2
fieldName,2
recognizing,2
targetConnection,2
absent,2
classLoader,2
impl,2
DELETE,2
spring,2
Replace,2
according,2
held,2
including,2
v,2
errorDesc,2
2019/3/29,2
blank,2
/,2
counter,2
\session,\,2
fieldOrTableName,2
/3/1,2
Lockable,2
deyou,2
assert,2
Try,2
hooks,2
queue,2
Prepared,2
naming,2
generate,2
transfer,2
VALUES,2
exist,2
task2,2
keywords,2
msg.toString());,2
Manager:,2
/12/07,2
Unlock,2
e.g,2
like,2
crazier.huang,2
related,2
/12/24,2
indexvalue,2
isSuccess,2
description,2
avail,2
Transport,2
tmeta,2
private,2
compress,2
Dispatch,2
dir,2
Append,2
/11/29,2
exists,2
activateName,2
void,2
follow,2
ctx.channel();,2
initial,2
serviceId,2
rely,2
refresh,2
Highlight:,2
Desc,2
Service,2
server's,2
New,2
AT,2
65535*5*9,2
second,2
dml,2
requiring,2
controller,2
nettyClientConfig,2
SELECT,2
passed,2
throws,2
wrap,2
items,2
{@linkplain,2
Plain,2
states,2
Extra,2
/02/26,2
tcp,2
\dubbo:reference,\,2
included,2
cols,2
Incompatible,2
User,2
INTO,2
sessionLifecycleListener,2
Core,2
listenPort,2
ctx.voidPromise());,2
handle,2
asyncWorker,2
unretryable,2
propagation,2
proxyBean,2
x,2
responsibility,2
order,2
bean，,2
etc,2
Locked,2
\classes,\,2
Contains,2
property,2
upper,2
/12/13,2
sofa-rpc,2
template,2
Pk,2
Kill,2
json,2
byteBuffer,2
Registered,2
TM,2
CONFIG,2
Msgs,2
\id,\,2
7,2
Root,2
income,2
tools,2
boss,2
Request,2
getPkValuesByAuto,2
parent,2
starting,2
>,2
lizhao,2
connectionWrapper,2
LoadLevel},2
SET,2
keeper,2
implementation,2
Input,2
Truncate,2
exx,2
caught,2
:,2
reloaded,2
Generate,2
resources,2
nothing,2
javaassist,2
Uuid,2
when,2
/1/22,2
now,2
properties,2
16kb,2
uniqueId,2
increase,2
/4/2,2
\processes,\,2
resourceManager,2
failureHandlerHook,2
2:,2
Define,2
Apollo,2
Prepare,2
put,2
Debug,2
row,2
Where,2
u,2
evt,2
Unique,2
wrapper,2
2019/2/26,2
\LOGGER.error("\when\,2
e);,2
\object,\,2
Full,2
was,2
Return,2
running,2
2019/04/16,2
fast,2
/1/31,2
Sync,2
public,2
Eureka,2
10,2
reason,2
Redis,2
AOP,2
Your,2
Order,2
collection,2
robin,2
When,2
e),2
\error"\,\,2
last,2
ordinalPosition,2
provide,2
visitor,2
file、db,2
DataSourceManager,2
isHistory,2
sendAsyncRequestWithResponse,2
Enable,2
shutdownHook,2
UnknownHostException,2
poolable,2
~,2
globalStatus,2
cp,2
2018/2/18,2
me,2
tables,2
/12/28,2
trascationId,2
params,2
\SQL,\,2
Row,2
Status:,2
everything,2
NoSuchFieldException,2
append,2
indexes,2
9,2
\?,\,2
\annotation,\,2
totalSize,2
zhimo.xiao,2
Response,2
columnName,2
pkname,2
total,2
schema,2
\ctx,\,2
@see,2
writable,2
Reset,2
overTimeAliveMills,2
record,2
internal,2
563868273@qq.com,2
Parameters,2
Reg,2
remotingDesc,2
EventLoopGroup,2
Created,2
writeable,2
level,2
msg),2
codec,2
have,2
targetBean,2
Explain,2
execute,2
(Exception,2
Unregister,2
nettyServerConfig,2
'u',2
Class,2
businessErrorCode,2
1024,2
coordinator,2
b,2
generator,2
reverse,2
basic,2
transactionAnnotation,2
sofa:service、sofa:reference、dubbo:reference、dubbo:service,2
rejected,2
transactionName,2
Can,2
been,2
here,2
2019/3/4,2
merged,2
zookeeper,2
Template,2
Code,2
sort,2
ignore,2
execution,2
environment,2
\bean,\,2
another,2
2019/4/18,2
BusinessActivityContext；,2
TODO:,2
ResourceManager,2
plain,2
email,2
/1/24,2
advised,2
healthy,2
driver,2
Hessian,2
correctly,1
@Test,1
RemotingBean,1
numPrecRadix,1
a.name,1
2019-02-01,1
/10/18,1
Between,1
update),1
Give,1
\x=?,\,1
transactions,1
labels,1
branchRegister,1
\ctx.writeAndFlush(request,\,1
ascOrDesc,1
assist,1
Or,1
\example,\,1
java.sql.SQLException:,1
AbstractConfiguration,1
REGISTER,1
Exists,1
Num,1
Address,1
hsf、dubbo's,1
events,1
DBKEYS_SPLIT_CHAR,1
JDBC,1
CLIENT_ID_SPLIT_CHAR,1
Completed,1
Limit,1
middle,1
applicationDataBytes.length,1
distribute,1
/1/7,1
soBackLogSize,1
Flush,1
Join,1
pkValue,1
written,1
/01/25,1
globalCommit,1
Distinct,1
keyType,1
Api,1
STORE_MODE,1
branchStatus,1
go,1
Rollbacked,1
directly,1
byTxNameBytes.length,1
\RM,<br/>\,1
messageSender,1
Policies,1
ROOT_SESSION_MANAGER_NAME,1
KEY_XID,1
\reg,inner\,1
isGlobalLockRequire,1
\(x,\,1
autocommit,1
RpcEventLoopGroup(),1
hadn't,1
Iterate,1
RpcMessage,1
sharding,1
Final,1
invalid,1
Busy,1
TYPE_BRANCH_ROLLBACK,1
2019.03.07,1
lockkey,1
increment,1
Valid,1
critical,1
TYPE_GLOBAL_LOCK_QUERY_RESULT,1
未定义错误,1
\finally,this\,1
timeout),1
nonUnique,1
clarified,1
Dump,1
RpcContext,1
Asc,1
columnDef,1
syn,1
submitted,1
info:,1
CURRENT,1
/02/14,1
2019/3/21,1
configFuture,1
Inout,1
Alias,1
tranId,1
serverSocketSendBufSize,1
removed,1
<p>,1
added,1
tccParam,1
};,1
WORKER_GROUP,1
happened,1
RollbackRetrying,1
dirty,1
Xor,1
\cost:115079,read\,1
means,1
tran,1
container,1
TYPE_REG_RM_RESULT,1
commonly,1
show,1
网络有关的错误，连接不上，断开，dispatch等,1
\full,\,1
Udt,1
threadPrefix,1
\ctx.writeAndFlush(msg,\,1
TCP,1
Rename,1
conf,1
duplicate,1
/12/7,1
2.get,1
writeBufferLowWaterMark,1
FILE_INSTANCE,1
task1,1
lockManager,1
eg:,1
SERVICE_SESSION_RELOAD_READ_SIZE,1
epoll,1
STORE_FILE_DIR,1
charOctetLength,1
SHARE_BOSS_WORKER,1
1s,1
Consul,1
Successfully,1
newService,1
\LOGGER.info("\server\,1
resourceIdBytes.length,1
targetParam,1
appender,1
TYPE_GLOBAL_BEGIN_RESULT,1
MAX_ALL_IDLE_SECONDS,1
Lower,1
txName,1
Original,1
MAP,1
2.stop,1
sqlDataType,1
channelRead0(ChannelHandlerContext,1
TYPE_GLOBAL_LOCK_QUERY,1
Until,1
Unix,1
Ask,1
2019/3/8,1
reentrant),1
spec,1
+-----+-----+-----+-----+-----+-----+-----+-----+-----+-----+-----+-----+-----+-----+-----+-----+,1
prevents,1
a.id,1
API,1
TCC_METHOD_ARGUMENTS,1
PONG,1
Password,1
tableCat,1
Constants,1
pkRows,1
dbkeyRm,1
find,1
involved,1
pin,1
/9/5,1
processing,1
declared,1
how,1
entire,1
Finished,1
slave,1
byApplicationIdBytes.length,1
makeDaemons,1
isNullAble,1
Sqlstate,1
用于订阅redis事件,1
\z,\,1
/2/20,1
lockKeyBytes.length,1
BOSS_THREAD_PREFIX,1
referenc,1
Div,1
Start,1
proxy-bean/target-bean:,1
Binary,1
serialize,1
Right,1
expect,1
dataTypeName,1
dubbo/hsf,1
healthCheckDelay,1
writeBufferHighWaterMark,1
pst,1
released,1
Sequence,1
CLIENT_LOCK_RETRY_TIMES,1
Heartbeat,1
TM/RM,1
registering,1
threadFactory),1
+3,1
version、sofa-rpc's,1
French,1
completed,1
\method,\,1
Trigger,1
/12/4,1
\@SuppressWarnings("\unchecked"\)\,1
far,1
CommitRetrying,1
override,1
random,1
GlobalStatus,1
tableSchemaName,1
clientTMHolderMap,1
hsf,1
make,1
\(...),\,1
Interceptor,1
constructor,1
mt,1
Ctx,1
share,1
Open,1
inserted,1
TYPE_SEATA_MERGE_RESULT,1
Multi,1
获取上sql_calc_found_rows,1
PREFIX_SERVICE_MAPPING,1
indexName,1
serverSocketResvBufSize,1
\Context,\,1
Repeat,1
update(or,1
delay,1
contains,1
As,1
AsyncCommitting,1
thus,1
Roll,1
xxx_tbl,1
clientRole,1
0199,1
p,1
parse,1
face,1
Interval,1
null;,1
enableServerPooledByteBufAllocator,1
rowsIncludingPK,1
Invalid,1
It,1
branchUndoLog,1
Int,1
FILE_ROOT_CONFIG,1
\,1
的结果,1
\"\`"\\,1
UNDO,1
/3/18,1
/9/25,1
(String)msg;,1
seen,1
readSize,1
attrName,1
dispose,1
managerDataSourceManager.java,1
STORE_PREFIX,1
1.1,1
LockWaitTimeoutException,1
something,1
multiple,1
protocol:,1
problem(no,1
analysis,1
master,1
protocols,1
21:30:02,1
\cost:86454,read\,1
Intersect,1
half,1
give,1
/11/19,1
TYPE_REG_RM,1
Elsif,1
recheck,1
TYPE_BRANCH_COMMIT_RESULT,1
512b,1
occur,1
Possible,1
Msg,1
Function,1
\name,\,1
Putifabsent,1
Read,1
Algorithm,1
\List,\,1
sequences,1
\,add\,1
cost:163664,1
/9/17,1
STORE_FILE_PREFIX,1
CLIENT_CHANNEL_CLAZZ,1
TYPE_BRANCH_STATUS_REPORT,1
Futures,1
2019/2/18,1
12,1
available,1
above,1
What,1
Committing,1
multi,1
From,1
pendingConnSize,1
Tddl,1
prevent,1
+-----------+-----------+-----------+-----------+-----------+-----------+-----------+,1
interfaceClassName,1
up,1
GlobalLockLocalTransactionlTemplate,1
inter,1
CLIENT_ASYNC_COMMIT_BUFFER_LIMIT,1
Values,1
TYPE_SEATA_MERGE,1
z=,1
BranchType},1
sends,1
byServiceGroupBytes.length,1
txInfo,1
Tc,1
While,1
\consistency,\,1
\implement,\,1
Random,1
\and,if\,1
warp,1
transactionManager,1
who,1
Found,1
ZK,1
Initialize,1
priority,1
's,1
stage<br/>,1
LOG,1
Json,1
instead,1
Runtime,1
\y=?,\,1
InstantiationException,1
won't,1
pk),1
\phase,\,1
rule,1
repeatedly,1
mode:,1
rollbackMethod,1
IP_PORT_SPLIT_CHAR,1
RETRY_ROLLBACKING_SESSION_MANAGER_NAME,1
causing,1
\fine,\,1
TRANSPORT_SERVER_TYPE,1
状态值,1
rolls,1
/10/23,1
clientType,1
specify,1
获取上一个insert,1
instantiation,1
0xdada,1
TYPE_BRANCH_STATUS_REPORT_RESULT,1
\channel,\,1
SERVICE_PREFIX,1
DML,1
Keep,1
FileConfiguration,1
ThreadFactory,1
True,1
Auto,1
DEFAULT_CONFIG_TIMEOUT,1
classType,1
checkLock,1
whose,1
Valueof,1
s@param,1
Hello,1
TYPE_GLOBAL_COMMIT_RESULT,1
targetClass,1
serverWorkerThreads,1
clientIDHolderMap,1
\TCCL,\,1
branchSession1,1
ta,1
Rlike,1
acquired,1
cost:160541,1
retriable,1
AT、TCC,1
branchReport,1
allocateNew,1
tyep,1
References,1
interceptor，,1
Work,1
#getTableAlias()#getTableAlias(),1
commitMethod,1
SERVER_NODE_SPLIT_CHAR,1
clientSocketRcvBufSize,1
jdk,1
customerKeys,1
eventExecutorGroup,1
Identified,1
yuoyao,1
Escape,1
rollbackMethodName,1
Case,1
sqlUndoLogs,1
properly,1
\yet,\,1
schedule,1
App,1
Instance,1
few,1
parametersHolder,1
getListenPort(),1
VERSION_MAP,1
single,1
we've,1
Unbind,1
(since,1
commitMethodName,1
requested,1
true，else,1
3.get,1
reported,1
borrow,1
resourceManagerInbound,1
colName,1
sqlType,1
daemons,1
Use,1
TYPE_BRANCH_COMMIT,1
Fulltext,1
involve,1
BranchType,1
prepareMethod,1
redisListeners,1
UN_REGISTER,1
cost:157736,1
union,1
\ipAddress,1
undoPST,1
MyRuntimeException,1
Statement.executeUpdate(),1
Unsubscribe,1
FILE_ROOT_REGISTRY,1
4.run,1
transactionalExecutor,1
NULL,1
\(?,\,1
portMap,1
parsers,1
Exit,1
Sleep,1
tableRecords,1
joins,1
+-----------------------------------------------------------------------------------------------+,1
clientWorkerThreads,1
agent,1
1.remove,1
Bytes,1
2019-03-21,1
Object.toString(),1
0099,1
Lookup,1
indicates,1
Nio,1
Two,1
bean，needn't,1
resourceManagerRequest,1
TYPE_GLOBAL_ROLLBACK_RESULT,1
`table`,1
finished,1
threadFactory,1
Assert,1
Sort,1
1.refresh,1
exact,1
tmRpcClient,1
Un,1
clientIdBytes.length,1
ApplicationId:IP:Port,1
https://github.com/seata/seata/issues/489,1
Into,1
\Otherwise,\,1
View,1
Then,1
deserialize,1
ks,1
Corresponding,1
parameter's,1
Batch,1
等待testUnRegistry事件触发,1
cost:158922,1
RegistryService,1
jdk/cglib,1
previously,1
/12/11,1
uncompress,1
needed,1
Schema,1
ipAddress,1
sofa-rpc、dubbo、injvm,1
could,1
serverSelectorThreads,1
Like,1
storable,1
Reflection,1
2019/01/25,1
GlobalStatus},1
\lost,\,1
resourceSets,1
dataType,1
initiator,1
indexQualifier,1
Tablespace,1
must,1
appname,1
beginTime,1
Io,1
sessionStoreFilePath,1
TYPE_BRANCH_REGISTER_RESULT,1
serverMessageListener,1
workThreadSize,1
appName,1
17:14,1
RESOURCE_ID,1
deregister,1
undoValues,1
performance,1
healthCheckPeriod,1
CLIENT_LOCK_RETRY_INTERNAL,1
unretriable,1
FILE_ROOT_TYPE,1
Launcher,1
Fetch,1
delete/update,1
inserting,1
\y,\,1
adapt,1
14,1
Outer,1
MergedWarpMessageTest,1
Native,1
\node,\,1
msg.setChannelHandlerContext(ctx);,1
\ip+appname,port\,1
perHostMaxConn,1
Object,1
#getTableAlias(),1
gone,1
nullAble,1
Leave,1
restful,1
extract,1
mentioned,1
TYPE_BRANCH_REGISTER,1
Save,1
Procedure,1
magic,1
uniqueId:,1
resourceIds,1
methed,1
MAX_WRITE_IDLE_SECONDS,1
Running,1
situation,1
TYPE_REG_CLT_RESULT,1
BranchStatus},1
className,1
usual,1
higher,1
clientMessageListener,1
By,1
singleton,1
ENABLE_DEGRADE_POSTFIX,1
being,1
10||2s,1
GlobalFinished,1
Empty,1
\transaction,\,1
TRANSPORT_PROTOCOL_TYPE,1
count,1
Out,1
pandora,1
decimalDigits,1
domain,1
fullFileName,1
TYPE_GLOBAL_BEGIN,1
avoid,1
\type,\,1
interFace,1
GlobalBeginResponse},1
limit,1
attribute,1
its,1
super.doEncode();,1
Foreign,1
DIRECT_BYTE_BUF_ALLOCATOR,1
paramAppender,1
sessionManager,1
ClassNotFoundException,1
Having,1
FILE_CONFIG_SPLIT_CHAR,1
Receive,1
CONFIG_SPLIT_CHAR,1
mysql,1
protected,1
objects,1
TYPE_GLOBAL_STATUS_RESULT,1
MyDataCenterInstanceConfig,1
MergeResultMessage,1
watch,1
process,1
connectProperties,1
\exists,\,1
reentrant,1
Role,1
deal,1
MAX_READ_IDLE_SECONDS,1
2019/3/22,1
redis,1
replace,1
accept,1
\cost:82953,read\,1
Connection.prepareStatement(),1
Tcp,1
remaining,1
2019/2/14,1
NacosException,1
RemotingDesc,1
Condition,1
CLIENT_REPORT_RETRY_COUNT,1
interfaceClass,1
2019/2/15,1
Email,1
static,1
programs,1
connectTimeoutMillis,1
Map,1
1.add,1
\value,\,1
ENDPOINT_BEGIN_CHAR,1
DefaultCoordinator,1
ingore,1
Timer,1
PREFIX_SERVICE_ROOT,1
period,1
/1/8,1
Else,1
transactionInfo,1
4.1,1
anme,1
0101,1
SQLUndoLog,1
ensuring,1
enableDegrade,1
targetCallback,1
serverNodeId,1
pkName,1
Subscribe,1
RegisterRMRequest,1
Collection,1
down,1
TYPE_BRANCH_ROLLBACK_RESULT,1
interval,1
Chinese,1
INSERT/UPDATE/DELETE,1
存储过程,1
GROUPLIST_POSTFIX,1
liujc,1
Now,1
\read0:"\\,1
11:09,1
GlobalTransactionScanner,1
RedisListener,1
dblock,1
Cast,1
/registry/zk/,1
globalBegin,1
sofa:reference/dubbo:reference,1
it..,1
used,1
Constraint,1
through,1
RETRY_COMMITTING_SESSION_MANAGER_NAME,1
Abstracted,1
marker,1
triggered,1
applicationName..,1
columnLabels,1
xiajun.0706@163.com,1
IllegalStateException,1
与配置相关的错误,1
Result,1
SERVER_CHANNEL_CLAZZ,1
Pin,1
/2/22,1
item,1
At,1
procedure,1
'user',1
TransactionalExecutor.ExecutionException,1
2018/3/6,1
them,1
WORKER_THREAD_SIZE,1
bodylength|,1
failureHandler,1
createEventLoopGroup(int,1
node,1
\so,will\,1
transactionHook,1
native,1
2019/4/1,1
Dual,1
update/delete/insert/selectForUpdate,1
globalRollback,1
\cost:87281,read\,1
shutdown,1
TYPE_GLOBAL_COMMIT,1
processed,1
Regist,1
rpcRemotingClient,1
resultCode,1
TYPE_GLOBAL_ROLLBACK,1
WORKER_THREAD_PREFIX,1
unbind,1
UTF8,1
isAutoincrement,1
\reg,rpc\,1
Statement.RETURN_GENERATED_KEYS,1
acquire,1
helper,1
plugin,1
3.the,1
EnhancedServiceLoader,1
0001,1
TYPE_GLOBAL_STATUS,1
sqlDatetimeSub,1
policy,1
biz,1
SERVICE_GROUP_MAPPING_PREFIX,1
implement,1
ASYNC_COMMITTING_SESSION_MANAGER_NAME,1
Turn,1
\case,\,1
Database,1
/12/10,1
pipeline,1
clusterNameKey,1
/10/11,1
variable,1
Notify,1
configInfo,1
\exception,\,1
\workThreadSize,\,1
zz,1
resultSet,1
haven't,1
V,1
about,1
known,1
MAX_NEST_DEPTH,1
locking,1
-,1
clientSocketSndBufSize,1
Log,1
Say,1
16,1
those,1
Generated,1
\true,\,1
changed,1
TYPE_REG_CLT,1
ConsulRegistryServiceImpl,1
Except,1
False,1
clientAppName,1
stack,1
Round,1
validation,1
List,1
returns,1
ChannelHandlerContext,1
2019/04/04,1
isLock,1
CLIENT_PREFIX,1
behaviors,1
And,1
coded,1
Thread,1
PING,1
sending,1
Unit,1
/3/6,1
columnSize,1
typecode/,1
clientPort,1
jvm,1
?),1
disconnect,1
\broken,\,1
attrType,1
during,1
Cannot,1
Need,1
Basket,1
\manager,\,1
transactionExceptionCode,1
Initiator,1
ACTIVE,1
RejectedExecutionHandler,1
help,1
Inner,1
serverMessageSender,1
fifo,1
control,1
yuanguoyao,1
loaded,1
testing,1
Left,1
\sofa:reference/dubbo:reference,\,1
Executor,1
LOGGER,1
nacos,1
1000,1
branchSession2,1
requestid,1
Async,1
capacity,1
channelRead(final,1
outbound,1
possible,1
Union,1
common,1
implements,1
parameterValues,1
Current,1
English,1
2019/3/26,1
Ignore,1
Minus,1
\timeout,\,1
Setting,1
round,1
implClazz,1
1:,1
commit(),1
Validate,1
beans,1
while,1
always,1
MySql,1
interface，which,1
TCC_METHOD_RESULT,1
print,1
instanceId,1
\parameters,\,1
3.1,1
trx,1
Some,1
Size,1
